date,time
2023-04-09,9662372657906
2023-04-09,9375477291561
2023-04-09,9088581925215
2023-04-09,8801686558869
2023-04-09,8514791192523
2023-04-09,8227895826178
2023-04-09,7941000459832
2023-04-09,1869
2023-04-09,192012
2023-04-09,1231241
2023-04-09,14464
2023-04-09,34
2023-04-09,35564574676
2023-04-09,53456456574685
2023-04-09,34545756746756
2023-04-09,454674
2023-04-09,57647
2023-04-09,476746
2023-04-09,747456
2023-04-09,456455657
2023-04-09,467 
2023-04-09,5456 
2023-04-09,457 
2023-04-09,3253457468564756 
2023-04-09,32454567 
2023-04-09,4324453674634 
2023-04-09,36576876545 
2023-04-09,467876543 
2023-04-09,1725
2023-04-09,2005
2023-04-10,741
2023-04-10,737
2023-04-10,1183
2023-04-10,1244
2023-04-10,1583
2023-04-10,1869
2023-04-10,537
2023-04-10,689
2023-04-10,3255734 
2023-04-11,246785435 
2023-04-12,4374685657